{"schemaVersion":"1.0","appDefinitionTemplate":{"id":"/providers/Microsoft.PowerApps/apps/","type":"Microsoft.PowerApps/apps","tags":{"primaryDeviceWidth":"768","primaryDeviceHeight":"1024","supportsPortrait":"true","supportsLandscape":"true","primaryFormFactor":"Tablet","publisherVersion":"3.23062.17","minimumRequiredApiVersion":"2.2.0","hasComponent":"true","hasUnlockedComponent":"true","isUnifiedRootApp":"false","sienaVersion":"20230627T023232Z-3.23062.17.0"},"properties":{"appVersion":"2023-06-27T02:32:32Z","lifeCycleId":"Published","createdByClientVersion":{"major":3,"minor":23062,"build":17,"revision":0,"majorRevision":0,"minorRevision":0},"minClientVersion":{"major":3,"minor":23062,"build":17,"revision":0,"majorRevision":0,"minorRevision":0},"backgroundColor":"rgba(0, 0, 0, 1)","backgroundImageUri":"/12224154377831735652/Nffaf17de-8daa-480e-b44d-a1f4b1728d17-logoSmallFile","displayName":"Windows LAPS","description":"","commitMessage":"","appUris":{"documentUri":{"value":"/12224154377831735652/N68e9573e-f2b1-4d4e-a91f-453a15b05048-document.msapp"},"imageUris":[],"additionalUris":[]},"createdTime":"0001-01-01T00:00:00Z","lastModifiedTime":"0001-01-01T00:00:00Z","sharedGroupsCount":0,"sharedUsersCount":0,"connectionReferences":{"49648f79-cb7c-4833-ad24-6fca3dca7357":{"id":"caf679cf-56ef-4cbc-881d-f99eaeab8e2e","displayName":"Office 365 Users","iconUri":"https://connectoricons-prod.azureedge.net/u/laborbol/partial-builds/390724148/1.0.1641.3327/office365users/icon.png","dataSources":["Office365Users"],"dependencies":[],"dependents":[],"parameterHints":{},"parameterHintsV2":{},"isOnPremiseConnection":false,"bypassConsent":false,"dataSets":{},"apiTier":"Standard","isCustomApiConnection":false,"actions":["SearchUser"]},"816a9d46-10be-438f-b556-b43efd65b3bd":{"id":"6763c16d-2978-4630-bcb5-1e115e939c8b","displayName":"Logic flows","iconUri":"https://connectoricons-prod.azureedge.net/releases/v1.0.1636/1.0.1636.3297/logicflows/icon.png","dataSources":["WindowsLAPSStep2"],"dependencies":["41b312d4-caee-44ce-b8fe-6002c08fafe3"],"dependents":[],"parameterHints":{"workflowName":{"value":"f99c7e89-1e5a-4c0b-b9fb-6a1721a6650c"},"workflowEntityId":{},"41b312d4-caee-44ce-b8fe-6002c08fafe3":{"value":"shared_azureautomation"}},"parameterHintsV2":{"workflowName":{"value":"f99c7e89-1e5a-4c0b-b9fb-6a1721a6650c"},"workflowEntityId":{},"shared_azureautomation":{"value":"41b312d4-caee-44ce-b8fe-6002c08fafe3"}},"isOnPremiseConnection":false,"bypassConsent":false,"dataSets":{},"apiTier":"Standard","isCustomApiConnection":false,"actions":["Run"],"nestedActions":[{"id":"/providers/Microsoft.PowerApps/apis/shared_azureautomation/apiOperations/CreateJob","apiName":"Azure Automation","actionName":"CreateJob","referencedResources":[]},{"id":"/providers/Microsoft.PowerApps/apis/shared_azureautomation/apiOperations/GetJobOutput","apiName":"Azure Automation","actionName":"GetJobOutput","referencedResources":[]}]},"41b312d4-caee-44ce-b8fe-6002c08fafe3":{"id":"8bc8abd3-8316-433a-894f-6f4e9bde3a66","displayName":"Azure Automation","iconUri":"https://connectoricons-prod.azureedge.net/u/shgogna/globalperconnector-train1/1.0.1639.3312/azureautomation/icon.png","dataSources":[],"dependencies":[],"dependents":["816a9d46-10be-438f-b556-b43efd65b3bd"],"parameterHints":{},"parameterHintsV2":{},"isOnPremiseConnection":false,"bypassConsent":false,"dataSets":{},"apiTier":"Premium","isCustomApiConnection":false,"authenticationType":"oauthDefault"},"6f921f81-1c4b-44da-a5ed-3b01989cdca9":{"id":"6763c16d-2978-4630-bcb5-1e115e939c8b","displayName":"Logic flows","iconUri":"https://connectoricons-prod.azureedge.net/releases/v1.0.1636/1.0.1636.3297/logicflows/icon.png","dataSources":["WindowsLAPSStep1"],"dependencies":["9f84b7fc-864e-491b-b72d-205b1c4f55c6"],"dependents":[],"parameterHints":{"workflowName":{"value":"047308bf-8839-4900-a31d-0cbb1b33e950"},"workflowEntityId":{},"9f84b7fc-864e-491b-b72d-205b1c4f55c6":{"value":"shared_azuread"}},"parameterHintsV2":{"workflowName":{"value":"047308bf-8839-4900-a31d-0cbb1b33e950"},"workflowEntityId":{},"shared_azuread":{"value":"9f84b7fc-864e-491b-b72d-205b1c4f55c6"}},"isOnPremiseConnection":false,"bypassConsent":false,"dataSets":{},"apiTier":"Standard","isCustomApiConnection":false,"actions":["Run"],"nestedActions":[{"id":"/providers/Microsoft.PowerApps/apis/shared_azuread/apiOperations/GetUser","apiName":"Azure AD","actionName":"GetUser","referencedResources":[]}]},"9f84b7fc-864e-491b-b72d-205b1c4f55c6":{"id":"a543740d-05a7-4702-ab28-d252482bc9a3","displayName":"Azure AD","iconUri":"https://connectoricons-prod.azureedge.net/releases/v1.0.1626/1.0.1626.3238/azuread/icon.png","dataSources":[],"dependencies":[],"dependents":["6f921f81-1c4b-44da-a5ed-3b01989cdca9"],"parameterHints":{},"parameterHintsV2":{},"isOnPremiseConnection":false,"bypassConsent":false,"dataSets":{},"apiTier":"Standard","isCustomApiConnection":false}},"databaseReferences":{},"almMode":"Environment","performanceOptimizationEnabled":true,"canConsumeAppPass":true,"enableModernRuntimeMode":false,"executionRestrictions":{"isTeamsOnly":false,"dataLossPreventionEvaluationResult":{"status":"Compliant","lastEvaluationDate":"2023-06-27T02:32:52.8871552Z","violations":[],"violationsByPolicy":[],"violationErrorMessage":"The app uses the following connectors: shared_office365users, shared_logicflows, shared_azureautomation, shared_azuread."},"httpActionRestriction":{"appUsesSharepointHttpAction":false,"enforcementStrategy":"Legacy","evaluationTime":"2023-06-27T02:32:52.8870694Z"}}},"appType":"ClassicCanvasApp","appComponents":[]}}