{"name":"d3767883-4732-458a-bb1d-03f3d236f409","id":"/providers/Microsoft.Flow/flows/d3767883-4732-458a-bb1d-03f3d236f409","type":"Microsoft.Flow/flows","properties":{"apiId":"/providers/Microsoft.PowerApps/apis/shared_logicflows","displayName":"WindowsLAPSStep1","definition":{"metadata":{"workflowEntityId":null,"processAdvisorMetadata":null,"flowChargedByPaygo":null,"flowclientsuspensionreason":"None","flowclientsuspensiontime":null,"flowclientsuspensionreasondetails":null,"creator":{"id":"4d97ec8f-6283-4845-bbdd-522fab8e97d8","type":"User","tenantId":"0787fbf0-6c91-4784-bec3-8dd9834f0c96"},"provisioningMethod":"FromDefinition","failureAlertSubscription":true,"clientLastModifiedTime":"2023-06-27T03:21:10.3983499Z"},"$schema":"https://schema.management.azure.com/providers/Microsoft.Logic/schemas/2016-06-01/workflowdefinition.json#","contentVersion":"1.0.0.0","parameters":{"$connections":{"defaultValue":{},"type":"Object"},"$authentication":{"defaultValue":{},"type":"SecureObject"}},"triggers":{"manual":{"metadata":{"operationMetadataId":"ec74a290-2985-48f5-bdbe-c97da390250c"},"type":"Request","kind":"PowerApp","inputs":{"schema":{"type":"object","properties":{"Getuser_UserIdorPrincipalName":{"type":"string","description":"Unique identifier of a user (Ex. 'user@tennant.onmicrosoft.com' or '5f6ce5c7-b521-4842-9bbe-3f6d5aa5e35b').","x-ms-powerflows-param-ispartial":false}},"required":["Getuser_UserIdorPrincipalName"]}}}},"actions":{"Get_user":{"runAfter":{},"metadata":{"operationMetadataId":"c6d3b339-9a61-494a-9b7f-bede9633558b"},"type":"OpenApiConnection","inputs":{"host":{"apiId":"/providers/Microsoft.PowerApps/apis/shared_azuread","connectionName":"shared_azuread","operationId":"GetUser"},"parameters":{"id":"@triggerBody()['Getuser_UserIdorPrincipalName']"},"authentication":{"value":"@json(decodeBase64(triggerOutputs().headers['X-MS-APIM-Tokens']))['$ConnectionKey']","type":"Raw"}}},"HTTP":{"runAfter":{"Get_user":["Succeeded"]},"metadata":{"operationMetadataId":"5b2d85f3-900a-4619-9efa-5741ff96c7be"},"type":"Http","inputs":{"method":"GET","uri":"https://graph.microsoft.com/v1.0/users/@{outputs('Get_user')?['body/id']}/managedDevices?$select=id,deviceName,operatingsystem,azureADDeviceId","authentication":{"type":"ActiveDirectoryOAuth","tenant":"000000000000000000000000000000000","audience":"https://graph.microsoft.com","clientId":"000000000000000000000000000000000","secret":"00000000000000000000000000000000"}}},"Parse_JSON":{"runAfter":{"HTTP":["Succeeded"]},"metadata":{"operationMetadataId":"77ad4705-2c37-4160-8a6c-a6bc5825a988"},"type":"ParseJson","inputs":{"content":"@body('HTTP')","schema":{"type":"object","properties":{"@@odata.context":{"type":"string"},"value":{"type":"array","items":{"type":"object","properties":{"id":{"type":"string"},"deviceName":{"type":"string"},"operatingSystem":{"type":"string"},"azureADDeviceId":{"type":"string"}},"required":["id","deviceName","operatingSystem","azureADDeviceId"]}}}}}},"Response":{"runAfter":{"Parse_JSON":["Succeeded"]},"metadata":{"operationMetadataId":"3c268180-514e-4f86-be8b-9b53083b344f"},"type":"Response","kind":"Http","inputs":{"statusCode":200,"body":"@body('Parse_JSON')?['value']","schema":{"type":"array","items":{"type":"object","properties":{"id":{"type":"string"},"deviceName":{"type":"string"},"operatingSystem":{"type":"string"},"azureADDeviceId":{"type":"string"}},"required":["id","deviceName","operatingSystem","azureADDeviceId"]}}}}}},"connectionReferences":{"shared_azuread":{"connectionName":"ed992d137b384e27a80696609621f08c","source":"Invoker","id":"/providers/Microsoft.PowerApps/apis/shared_azuread","tier":"NotSpecified"}},"flowFailureAlertSubscribed":false,"isManaged":false}}