{"name":"08ee6d93-a716-47a3-971e-35804aba7f3a","id":"/providers/Microsoft.Flow/flows/08ee6d93-a716-47a3-971e-35804aba7f3a","type":"Microsoft.Flow/flows","properties":{"apiId":"/providers/Microsoft.PowerApps/apis/shared_logicflows","displayName":"WindowsLAPSStep2","definition":{"metadata":{"workflowEntityId":null,"processAdvisorMetadata":null,"flowChargedByPaygo":null,"flowclientsuspensionreason":"None","flowclientsuspensiontime":null,"flowclientsuspensionreasondetails":null,"creator":{"id":"4d97ec8f-6283-4845-bbdd-522fab8e97d8","type":"User","tenantId":"0787fbf0-6c91-4784-bec3-8dd9834f0c96"},"provisioningMethod":"FromDefinition","failureAlertSubscription":true,"clientLastModifiedTime":"2023-06-26T23:06:46.8165371Z"},"$schema":"https://schema.management.azure.com/providers/Microsoft.Logic/schemas/2016-06-01/workflowdefinition.json#","contentVersion":"1.0.0.0","parameters":{"$connections":{"defaultValue":{},"type":"Object"},"$authentication":{"defaultValue":{},"type":"SecureObject"}},"triggers":{"manual":{"metadata":{"operationMetadataId":"cdda43a7-c03f-407e-8727-927ca3067106"},"type":"Request","kind":"PowerApp","inputs":{"schema":{"type":"object","properties":{"Compose_Inputs":{"type":"any","description":"Inputs","x-ms-powerflows-param-ispartial":false}},"required":["Compose_Inputs"]}}}},"actions":{"Create_job":{"runAfter":{"Compose":["Succeeded"]},"metadata":{"operationMetadataId":"cf1aef58-670c-44ac-a8eb-d80b05673f42"},"type":"OpenApiConnection","inputs":{"host":{"apiId":"/providers/Microsoft.PowerApps/apis/shared_azureautomation","connectionName":"shared_azureautomation","operationId":"CreateJob"},"parameters":{"subscriptionId":"ecba7dce-3766-43ee-93c2-835e0bdbb0a2","resourceGroupName":"CloudbyMoeResourceGroup","automationAccount":"CloudbyMoeAutomationAccount","runbookName":"WindowsLAPS","wait":true,"body/properties/runOn":"CloudbyMoeHybridWorker","body/properties/parameters/azureADdeviceId":"@outputs('Compose')"},"authentication":{"value":"@json(decodeBase64(triggerOutputs().headers['X-MS-APIM-Tokens']))['$ConnectionKey']","type":"Raw"}}},"Compose":{"runAfter":{},"metadata":{"operationMetadataId":"733d41e9-45ae-436d-99f1-98b7665eaa0f"},"type":"Compose","inputs":"@triggerBody()['Compose_Inputs']"},"Get_job_output":{"runAfter":{"Create_job":["Succeeded"]},"metadata":{"operationMetadataId":"dd60c701-d9cc-41e9-b820-82f2d8633cbd"},"type":"OpenApiConnection","inputs":{"host":{"apiId":"/providers/Microsoft.PowerApps/apis/shared_azureautomation","connectionName":"shared_azureautomation","operationId":"GetJobOutput"},"parameters":{"subscriptionId":"ecba7dce-3766-43ee-93c2-835e0bdbb0a2","resourceGroupName":"CloudbyMoeResourceGroup","automationAccount":"CloudbyMoeAutomationAccount","jobId":"@outputs('Create_job')?['body/properties/jobId']"},"authentication":{"value":"@json(decodeBase64(triggerOutputs().headers['X-MS-APIM-Tokens']))['$ConnectionKey']","type":"Raw"}}},"Compose_2":{"runAfter":{"Get_job_output":["Succeeded"]},"metadata":{"operationMetadataId":"4f290638-e70b-450c-88f1-413e42758655"},"type":"Compose","inputs":"@replace(outputs('Get_job_output')?['body'],'Welcome To Microsoft Graph!\r\n','')"},"Respond_to_a_PowerApp_or_flow":{"runAfter":{"Compose_2":["Succeeded"]},"metadata":{"operationMetadataId":"6a7e8fe4-1dce-4513-9246-17a06e666870"},"type":"Response","kind":"PowerApp","inputs":{"statusCode":200,"body":{"localpass":"@{outputs('Compose_2')}"},"schema":{"type":"object","properties":{"localpass":{"title":"LocalPass","x-ms-dynamically-added":true,"type":"string"}}}}}}},"connectionReferences":{"shared_azureautomation":{"connectionName":"10cd6c7f7ed04ac88bc8b3b19f2579a9","source":"Invoker","id":"/providers/Microsoft.PowerApps/apis/shared_azureautomation","tier":"NotSpecified"}},"flowFailureAlertSubscribed":false,"isManaged":false}}