{"schemaVersion":"1.0","appDefinitionTemplate":{"id":"/providers/Microsoft.PowerApps/apps/","type":"Microsoft.PowerApps/apps","tags":{"primaryDeviceWidth":"768","primaryDeviceHeight":"1024","supportsPortrait":"true","supportsLandscape":"true","primaryFormFactor":"Tablet","publisherVersion":"3.23062.17","minimumRequiredApiVersion":"2.2.0","hasComponent":"true","hasUnlockedComponent":"true","isUnifiedRootApp":"false","sienaVersion":"20230628T011931Z-3.23062.17.0"},"properties":{"appVersion":"2023-06-28T01:19:31Z","lifeCycleId":"Published","createdByClientVersion":{"major":3,"minor":23062,"build":17,"revision":0,"majorRevision":0,"minorRevision":0},"minClientVersion":{"major":3,"minor":23062,"build":17,"revision":0,"majorRevision":0,"minorRevision":0},"backgroundColor":"rgba(0, 0, 0, 1)","backgroundImageUri":"/12224154377831735652/N74b60e0b-6d14-49e7-acb9-7271e193b938-logoSmallFile","displayName":"Windows LAPS","description":"","commitMessage":"","appUris":{"documentUri":{"value":"/12224154377831735652/N9ff8246e-28d4-435b-af0e-7d60c9753277-document.msapp"},"imageUris":[],"additionalUris":[]},"createdTime":"0001-01-01T00:00:00Z","lastModifiedTime":"0001-01-01T00:00:00Z","sharedGroupsCount":0,"sharedUsersCount":0,"connectionReferences":{"49648f79-cb7c-4833-ad24-6fca3dca7357":{"id":"caf679cf-56ef-4cbc-881d-f99eaeab8e2e","displayName":"Office 365 Users","iconUri":"https://connectoricons-prod.azureedge.net/u/laborbol/partial-builds/390724148/1.0.1641.3327/office365users/icon.png","dataSources":["Office365Users"],"dependencies":[],"dependents":[],"parameterHints":{},"parameterHintsV2":{},"isOnPremiseConnection":false,"bypassConsent":false,"dataSets":{},"apiTier":"Standard","isCustomApiConnection":false,"actions":["SearchUser"]},"6f921f81-1c4b-44da-a5ed-3b01989cdca9":{"id":"6763c16d-2978-4630-bcb5-1e115e939c8b","displayName":"Logic flows","iconUri":"https://connectoricons-prod.azureedge.net/releases/v1.0.1636/1.0.1636.3297/logicflows/icon.png","dataSources":["WindowsLAPSStep1"],"dependencies":["9f84b7fc-864e-491b-b72d-205b1c4f55c6"],"dependents":[],"parameterHints":{"workflowName":{"value":"047308bf-8839-4900-a31d-0cbb1b33e950"},"workflowEntityId":{},"9f84b7fc-864e-491b-b72d-205b1c4f55c6":{"value":"shared_azuread"}},"parameterHintsV2":{"workflowName":{"value":"047308bf-8839-4900-a31d-0cbb1b33e950"},"workflowEntityId":{},"shared_azuread":{"value":"9f84b7fc-864e-491b-b72d-205b1c4f55c6"}},"isOnPremiseConnection":false,"bypassConsent":false,"dataSets":{},"apiTier":"Standard","isCustomApiConnection":false,"actions":["Run"],"nestedActions":[{"id":"/providers/Microsoft.PowerApps/apis/shared_azuread/apiOperations/GetUser","apiName":"Azure AD","actionName":"GetUser","referencedResources":[]}]},"9f84b7fc-864e-491b-b72d-205b1c4f55c6":{"id":"a543740d-05a7-4702-ab28-d252482bc9a3","displayName":"Azure AD","iconUri":"https://connectoricons-prod.azureedge.net/releases/v1.0.1626/1.0.1626.3238/azuread/icon.png","dataSources":[],"dependencies":[],"dependents":["6f921f81-1c4b-44da-a5ed-3b01989cdca9"],"parameterHints":{},"parameterHintsV2":{},"isOnPremiseConnection":false,"bypassConsent":false,"dataSets":{},"apiTier":"Standard","isCustomApiConnection":false}},"databaseReferences":{},"almMode":"Environment","performanceOptimizationEnabled":true,"canConsumeAppPass":true,"enableModernRuntimeMode":false,"executionRestrictions":{"isTeamsOnly":false,"dataLossPreventionEvaluationResult":{"status":"Compliant","lastEvaluationDate":"2023-06-28T01:19:52.7928531Z","violations":[],"violationsByPolicy":[],"violationErrorMessage":"The app uses the following connectors: shared_office365users, shared_logicflows, shared_azuread."},"httpActionRestriction":{"appUsesSharepointHttpAction":false,"enforcementStrategy":"Legacy","evaluationTime":"2023-06-28T01:19:52.7927805Z"}}},"appType":"ClassicCanvasApp","appComponents":[]}}